1,Ruy,Tulleth,rtulleth0@virginia.edu,Male,23
2,Arvy,Scotting,ascotting1@hao123.com,Male,34
3,Brendin,Gossage,bgossage2@gizmodo.com,Male,50
4,Cass,Buller,cbuller3@linkedin.com,Female,54
5,Jerrine,Leggon,jleggon4@so-net.ne.jp,Female,28
6,Barnabas,Standall,bstandall5@imgur.com,Male,23
7,Hakim,Wones,hwones6@chicagotribune.com,Bigender,57
8,Durward,Emms,demms7@miibeian.gov.cn,Male,42
9,Marcos,Swannick,mswannick8@hc360.com,Male,53
10,Salomi,Ludwikiewicz,sludwikiewicz9@indiegogo.com,Female,55
11,Kameko,Twomey,ktwomeya@yellowbook.com,Female,21
12,Jana,Jonk,jjonkb@adobe.com,Female,52
13,Paddie,Schulze,pschulzec@multiply.com,Male,64
14,Cazzie,Heare,cheared@squidoo.com,Male,32
15,Tudor,Halpen,thalpene@telegraph.co.uk,Male,57
16,Martyn,Helliwell,mhelliwellf@addtoany.com,Male,45
17,Ali,Jessope,ajessopeg@dot.gov,Female,43
18,Hartwell,Asquez,hasquezh@twitpic.com,Male,34
19,Roderich,Weinham,rweinhami@issuu.com,Male,60
20,Alwin,Mussolini,amussolinij@prlog.org,Male,44
21,Gretal,Misson,gmissonk@cyberchimps.com,Female,43
22,Hilarius,Ruggier,hruggierl@cornell.edu,Male,45
23,Igor,Lathwood,ilathwoodm@omniture.com,Male,26
24,Cate,Sanders,csandersn@dion.ne.jp,Female,36
25,Clyve,Cosens,ccosenso@mozilla.com,Male,61
26,Caroljean,Piddock,cpiddockp@reddit.com,Female,28
27,Mary,Tilford,mtilfordq@technorati.com,Genderqueer,30
28,Darrelle,Ishak,dishakr@opera.com,Female,34
29,Bernhard,Rissom,brissoms@bbb.org,Genderfluid,26
30,Yves,Hindsberg,yhindsbergt@woothemes.com,Male,26
31,Kaja,Oxlee,koxleeu@who.int,Female,54
32,Lorant,Arkwright,larkwrightv@hexun.com,Male,50
33,Fredra,Bortolussi,fbortolussiw@1und1.de,Female,30
34,Aline,Boundy,aboundyx@amazon.co.uk,Polygender,34
35,Sayers,Pardal,spardaly@unesco.org,Male,40
36,Sheba,Oxenham,soxenhamz@spiegel.de,Female,45
37,Silvia,MacNeish,smacneish10@amazon.de,Female,48
38,Yehudit,Filipyev,yfilipyev11@google.cn,Male,52
39,Rand,Berr,rberr12@gnu.org,Male,51
40,Marin,Grimley,mgrimley13@multiply.com,Female,19
41,Armand,Skipping,askipping14@newyorker.com,Male,65
42,Minda,Mc Dermid,mmcdermid15@tiny.cc,Female,21
43,Jarrad,Adamovitch,jadamovitch16@newyorker.com,Male,28
44,Nil,Earengey,nearengey17@163.com,Male,27
45,Olympe,Brookzie,obrookzie18@hugedomains.com,Female,53
46,Benedicta,Coogan,bcoogan19@tripod.com,Female,58
47,Michal,Gerardin,mgerardin1a@blogs.com,Male,63
48,Kerk,MacQuaker,kmacquaker1b@creativecommons.org,Male,47
49,Keenan,Jaggs,kjaggs1c@archive.org,Male,61
50,Florentia,Wattam,fwattam1d@paginegialle.it,Female,43

